size,duration,throughput
1024,0.008299989988391368,123373.64279140087
1117,0.008233062434210526,135672.48018897235
1218,0.008904337379003561,136787.26986154472
