size,duration,throughput
1024,0.00038563679739318254,2655348.2627228736
2048,0.0007223786918520644,2835078.087296917
4096,0.0013677872967724305,2994617.664358586
