size,duration,throughput
1024,0.009894,103497.580255
1116,0.014626,76303.388426
1217,0.011193,108729.746294
1327,0.014391,92209.662957
1448,0.024393,59361.657295
1579,0.021324,74047.648411
1722,0.020317,84755.544482
1878,0.034027,55191.309583
2048,0.020176,101506.019642
2233,0.026003,85873.810012
2435,0.023267,104652.830606
2655,0.038216,69474.409435
2896,0.027345,105905.743920
